Sales Person,Country,Product,Date,Amount,Boxes Shipped
Jehu Rudeforth,GBR,Mint Chip Choco,2022-01-04,5320,180
Van Tuxwell,IND,85% Dark Bars,2022-08-01,7896,94
Gigi Bohling,IND,Peanut Butter Cubes,2022-07-07,4501,91
Jan Morforth,AUS,Peanut Butter Cubes,2022-04-27,12726,342
Jehu Rudeforth,GBR,Peanut Butter Cubes,2022-02-24,13685,184
Van Tuxwell,IND,Smooth Sliky Salty,2022-06-06,5376,38
Oby Sorrel,GBR,99% Dark & Pure,2022-01-25,13685,176
Gunar Cockshoot,AUS,After Nines,2022-03-24,3080,73
Jehu Rudeforth,NZL,50% Dark Bites,2022-04-20,3990,59
Brien Boise,AUS,99% Dark & Pure,2022-07-04,2835,102
Rafaelita Blaksland,GBR,Smooth Sliky Salty,2022-01-13,4704,62
Barr Faughny,USA,Orange Choco,2022-03-10,3703,11
Mallorie Waber,CAN,Eclairs,2022-01-13,1442,286
Karlen McCaffrey,NZL,Drinking Coco,2022-07-28,168,156
Marney O'Breen,NZL,Peanut Butter Cubes,2022-08-03,8379,173
Beverie Moffet,AUS,Organic Choco Syrup,2022-01-26,6790,356
Van Tuxwell,CAN,Organic Choco Syrup,2022-02-14,4067,42
Roddy Speechley,USA,Smooth Sliky Salty,2022-04-05,3017,140
Beverie Moffet,CAN,Milk Bars,2022-02-16,8799,250
Curtice Advani,GBR,85% Dark Bars,2022-06-08,1085,172
Brien Boise,AUS,Eclairs,2022-06-27,6888,88
Gunar Cockshoot,USA,Spicy Special Slims,2022-02-17,1267,157
Marney O'Breen,USA,After Nines,2022-05-30,4753,163
Husein Augar,GBR,Drinking Coco,2022-03-14,3003,113
Kaine Padly,AUS,Eclairs,2022-02-28,7672,115
Karlen McCaffrey,IND,Fruit & Nut Bars,2022-01-26,168,321
Roddy Speechley,CAN,Spicy Special Slims,2022-02-09,1652,186
Husein Augar,USA,Eclairs,2022-07-07,4025,112
Dennison Crosswaite,NZL,White Choc,2022-07-05,9492,151
Dennison Crosswaite,NZL,Manuka Honey Choco,2022-06-15,5061,301
Van Tuxwell,NZL,85% Dark Bars,2022-05-24,1722,121
Rafaelita Blaksland,GBR,99% Dark & Pure,2022-06-29,12446,150
Wilone O'Kielt,AUS,Manuka Honey Choco,2022-05-11,4284,94
Karlen McCaffrey,GBR,Almond Choco,2022-06-30,6839,133
Andria Kimpton,CAN,After Nines,2022-05-11,2163,70
Roddy Speechley,USA,Manuka Honey Choco,2022-07-22,9583,315
Andria Kimpton,GBR,50% Dark Bites,2022-08-24,2653,314
Kelci Walkden,NZL,After Nines,2022-07-07,147,72
Camilla Castle,AUS,85% Dark Bars,2022-05-19,3654,14
Karlen McCaffrey,IND,Manuka Honey Choco,2022-07-04,2443,581
Kelci Walkden,USA,After Nines,2022-06-02,938,16
Karlen McCaffrey,USA,Raspberry Choco,2022-04-15,14749,354
Mallorie Waber,CAN,Choco Coated Almonds,2022-07-11,4781,241
Andria Kimpton,IND,Spicy Special Slims,2022-02-23,6307,142
Madelene Upcott,CAN,Almond Choco,2022-08-22,7602,102
Kaine Padly,USA,Peanut Butter Cubes,2022-02-16,6790,188
Van Tuxwell,USA,50% Dark Bites,2022-01-13,9737,160
Curtice Advani,AUS,Milk Bars,2022-02-14,6979,18
Roddy Speechley,IND,Eclairs,2022-06-10,4382,303
Curtice Advani,IND,Fruit & Nut Bars,2022-07-07,5243,176
Curtice Advani,CAN,Almond Choco,2022-03-24,4865,70
Brien Boise,AUS,Fruit & Nut Bars,2022-06-06,8575,23
Dotty Strutley,AUS,Drinking Coco,2022-07-19,91,135
Beverie Moffet,USA,Raspberry Choco,2022-04-19,14798,83
Marney O'Breen,IND,85% Dark Bars,2022-07-19,2205,179
Jehu Rudeforth,CAN,Drinking Coco,2022-07-15,441,24
Ches Bonnell,NZL,Spicy Special Slims,2022-02-14,3556,18
Brien Boise,CAN,99% Dark & Pure,2022-05-18,16793,416
Barr Faughny,AUS,Fruit & Nut Bars,2022-06-30,15421,55
Andria Kimpton,AUS,50% Dark Bites,2022-06-02,4438,227
Andria Kimpton,AUS,Drinking Coco,2022-06-28,1603,48
Marney O'Breen,AUS,Organic Choco Syrup,2022-05-16,273,174
Kelci Walkden,CAN,Baker's Choco Chips,2022-05-26,3073,302
Karlen McCaffrey,IND,Almond Choco,2022-07-06,6090,149
Oby Sorrel,IND,99% Dark & Pure,2022-05-27,10255,11
Wilone O'Kielt,AUS,Caramel Stuffed Bars,2022-04-14,2030,11
Van Tuxwell,AUS,Organic Choco Syrup,2022-08-10,19453,14
Camilla Castle,IND,50% Dark Bites,2022-07-04,9275,411
Oby Sorrel,IND,Organic Choco Syrup,2022-07-08,6181,56
Jan Morforth,USA,Peanut Butter Cubes,2022-07-22,9037,102
Gigi Bohling,USA,Choco Coated Almonds,2022-03-02,12313,103
Gigi Bohling,GBR,Almond Choco,2022-01-10,5642,9
Jehu Rudeforth,NZL,White Choc,2022-03-11,2800,241
Andria Kimpton,NZL,Peanut Butter Cubes,2022-06-20,959,265
Van Tuxwell,GBR,Organic Choco Syrup,2022-08-26,2002,214
Roddy Speechley,CAN,Milk Bars,2022-07-13,609,32
Camilla Castle,USA,Spicy Special Slims,2022-02-11,1274,244
Marney O'Breen,USA,Orange Choco,2022-01-27,7595,181
Van Tuxwell,GBR,99% Dark & Pure,2022-01-31,4725,137
Camilla Castle,USA,White Choc,2022-08-18,9681,24
Andria Kimpton,USA,Raspberry Choco,2022-06-30,14504,21
Dotty Strutley,AUS,Fruit & Nut Bars,2022-08-23,280,311
Brien Boise,NZL,Mint Chip Choco,2022-08-01,63,181
Roddy Speechley,NZL,After Nines,2022-05-25,8001,10
Roddy Speechley,CAN,Organic Choco Syrup,2022-01-10,4032,82
Dennison Crosswaite,AUS,70% Dark Bites,2022-02-07,5859,108
Karlen McCaffrey,USA,Orange Choco,2022-05-12,11095,401
Madelene Upcott,AUS,Spicy Special Slims,2022-03-07,7182,408
Dennison Crosswaite,AUS,85% Dark Bars,2022-04-05,6881,420
Andria Kimpton,CAN,Caramel Stuffed Bars,2022-01-03,7154,348
Dennison Crosswaite,GBR,Eclairs,2022-03-24,6188,270
Madelene Upcott,IND,Raspberry Choco,2022-07-07,4221,9
Van Tuxwell,USA,After Nines,2022-07-26,630,264
Wilone O'Kielt,AUS,Organic Choco Syrup,2022-07-07,1743,111
Karlen McCaffrey,CAN,50% Dark Bites,2022-07-15,2919,65
Roddy Speechley,NZL,Orange Choco,2022-04-01,49,97
Beverie Moffet,AUS,Eclairs,2022-06-20,1827,6
Kelci Walkden,GBR,Fruit & Nut Bars,2022-06-29,13006,482
Marney O'Breen,USA,50% Dark Bites,2022-06-15,1064,106
Husein Augar,USA,After Nines,2022-04-08,11571,180
Dennison Crosswaite,AUS,Raspberry Choco,2022-03-14,5740,31
Andria Kimpton,USA,Fruit & Nut Bars,2022-07-15,1456,359
Kelci Walkden,IND,Eclairs,2022-04-19,5334,80
Marney O'Breen,USA,99% Dark & Pure,2022-03-28,4151,296
Brien Boise,CAN,Spicy Special Slims,2022-03-04,8106,101
Karlen McCaffrey,NZL,70% Dark Bites,2022-08-02,126,40
Husein Augar,GBR,Spicy Special Slims,2022-08-25,4697,42
Marney O'Breen,USA,Almond Choco,2022-02-25,7798,167
Kelci Walkden,IND,Orange Choco,2022-06-07,9408,138
Jan Morforth,IND,Spicy Special Slims,2022-04-12,1939,520
Ches Bonnell,IND,Spicy Special Slims,2022-07-06,10906,94
Kelci Walkden,GBR,Smooth Sliky Salty,2022-01-19,5929,175
Madelene Upcott,AUS,Fruit & Nut Bars,2022-01-05,5579,92
Madelene Upcott,CAN,70% Dark Bites,2022-01-24,10927,141
Wilone O'Kielt,AUS,Drinking Coco,2022-04-06,623,283
Gunar Cockshoot,AUS,Fruit & Nut Bars,2022-06-15,6013,21
Gigi Bohling,CAN,Baker's Choco Chips,2022-01-28,1505,47
Kelci Walkden,IND,Caramel Stuffed Bars,2022-03-16,476,125
Rafaelita Blaksland,AUS,Drinking Coco,2022-02-21,11550,396
Kelci Walkden,USA,Manuka Honey Choco,2022-02-16,17318,87
Jehu Rudeforth,CAN,Spicy Special Slims,2022-01-13,1848,27
Kelci Walkden,AUS,Eclairs,2022-03-23,7273,547
Curtice Advani,CAN,Spicy Special Slims,2022-06-16,854,118
Oby Sorrel,IND,Raspberry Choco,2022-04-14,6832,46
Kelci Walkden,GBR,Eclairs,2022-01-25,4606,57
Jan Morforth,IND,Almond Choco,2022-03-11,4466,22
Dotty Strutley,GBR,Almond Choco,2022-07-28,16114,96
Marney O'Breen,NZL,After Nines,2022-03-09,1561,44
Husein Augar,AUS,Orange Choco,2022-06-28,8897,188
Marney O'Breen,AUS,Milk Bars,2022-07-28,2464,387
Kelci Walkden,CAN,99% Dark & Pure,2022-08-15,4830,50
Kaine Padly,AUS,Manuka Honey Choco,2022-01-12,2765,264
Beverie Moffet,NZL,White Choc,2022-03-24,7126,7
Van Tuxwell,GBR,Milk Bars,2022-07-25,4263,90
Oby Sorrel,CAN,99% Dark & Pure,2022-08-01,3605,403
Van Tuxwell,IND,Organic Choco Syrup,2022-05-16,19929,174
Roddy Speechley,IND,Smooth Sliky Salty,2022-08-10,5103,140
Jan Morforth,IND,Eclairs,2022-01-05,2541,27
Ches Bonnell,GBR,Smooth Sliky Salty,2022-07-11,5663,110
Wilone O'Kielt,USA,After Nines,2022-04-25,392,30
Gigi Bohling,NZL,Fruit & Nut Bars,2022-04-04,10976,121
Barr Faughny,USA,Raspberry Choco,2022-04-12,9282,101
Wilone O'Kielt,NZL,85% Dark Bars,2022-08-02,1827,117
Gigi Bohling,NZL,Manuka Honey Choco,2022-06-28,8267,272
Ches Bonnell,AUS,Eclairs,2022-07-05,4116,128
Rafaelita Blaksland,NZL,Choco Coated Almonds,2022-06-07,2093,45
Brien Boise,NZL,Smooth Sliky Salty,2022-01-18,1015,27
Brien Boise,AUS,Baker's Choco Chips,2022-01-04,12516,212
Dennison Crosswaite,AUS,99% Dark & Pure,2022-01-31,2758,18
Kelci Walkden,IND,Almond Choco,2022-03-14,3297,149
Camilla Castle,AUS,70% Dark Bites,2022-04-29,6048,477
Oby Sorrel,IND,Smooth Sliky Salty,2022-02-07,10101,108
Kaine Padly,GBR,Organic Choco Syrup,2022-03-31,2282,178
Marney O'Breen,IND,Caramel Stuffed Bars,2022-03-16,4361,81
Karlen McCaffrey,GBR,Eclairs,2022-01-25,7798,196
Van Tuxwell,IND,Baker's Choco Chips,2022-06-20,3052,447
Gigi Bohling,GBR,After Nines,2022-03-29,8029,175
Curtice Advani,AUS,Orange Choco,2022-07-12,854,136
Jehu Rudeforth,CAN,Smooth Sliky Salty,2022-07-11,5460,138
Karlen McCaffrey,CAN,Smooth Sliky Salty,2022-01-19,3017,184
Andria Kimpton,USA,85% Dark Bars,2022-04-05,8911,82
Jehu Rudeforth,CAN,Milk Bars,2022-02-21,7203,12
Rafaelita Blaksland,NZL,Caramel Stuffed Bars,2022-05-20,13083,14
Mallorie Waber,AUS,Milk Bars,2022-07-29,2779,104
Barr Faughny,USA,Fruit & Nut Bars,2022-01-28,9058,46
Marney O'Breen,GBR,Caramel Stuffed Bars,2022-07-19,3549,112
Mallorie Waber,NZL,Manuka Honey Choco,2022-04-13,9436,11
Roddy Speechley,IND,Peanut Butter Cubes,2022-02-11,10283,21
Roddy Speechley,NZL,Milk Bars,2022-03-02,5446,116
Ches Bonnell,AUS,White Choc,2022-03-02,1043,202
Van Tuxwell,USA,99% Dark & Pure,2022-07-28,12586,6
Kelci Walkden,IND,After Nines,2022-01-07,1687,520
Brien Boise,GBR,White Choc,2022-04-12,5299,167
Van Tuxwell,CAN,Almond Choco,2022-06-27,3213,72
Jehu Rudeforth,AUS,50% Dark Bites,2022-01-14,5194,418
Karlen McCaffrey,GBR,Baker's Choco Chips,2022-02-07,4753,389
Jehu Rudeforth,AUS,Orange Choco,2022-03-23,13706,26
Marney O'Breen,IND,Peanut Butter Cubes,2022-01-10,6489,146
Oby Sorrel,GBR,Choco Coated Almonds,2022-03-17,9324,41
Gigi Bohling,USA,Spicy Special Slims,2022-01-21,10829,54
Barr Faughny,AUS,White Choc,2022-07-04,8113,370
Kaine Padly,CAN,Peanut Butter Cubes,2022-07-04,3269,176
Dotty Strutley,USA,Manuka Honey Choco,2022-08-10,273,210
Dennison Crosswaite,AUS,50% Dark Bites,2022-04-01,7287,12
Gigi Bohling,IND,Raspberry Choco,2022-02-22,2583,159
Camilla Castle,GBR,White Choc,2022-01-03,9982,187
Karlen McCaffrey,IND,Drinking Coco,2022-05-31,4795,233
Dotty Strutley,GBR,99% Dark & Pure,2022-01-03,9310,282
Husein Augar,NZL,Caramel Stuffed Bars,2022-01-27,497,475
Barr Faughny,GBR,50% Dark Bites,2022-01-28,581,65
Curtice Advani,AUS,Organic Choco Syrup,2022-06-28,3472,311
Husein Augar,GBR,Choco Coated Almonds,2022-03-02,4333,43
Wilone O'Kielt,AUS,After Nines,2022-05-27,3325,26
Dennison Crosswaite,USA,Almond Choco,2022-06-30,11718,84
Barr Faughny,CAN,Peanut Butter Cubes,2022-06-07,2100,78
Kaine Padly,USA,70% Dark Bites,2022-05-12,4018,100
Barr Faughny,NZL,Raspberry Choco,2022-07-29,6468,66
Dennison Crosswaite,GBR,White Choc,2022-08-03,7238,265
Barr Faughny,IND,Baker's Choco Chips,2022-08-18,6454,141
Van Tuxwell,NZL,Smooth Sliky Salty,2022-06-14,3115,42
Beverie Moffet,GBR,White Choc,2022-06-30,6475,76
Camilla Castle,NZL,Mint Chip Choco,2022-06-13,1162,190
Ches Bonnell,GBR,Orange Choco,2022-04-27,14238,54
Jan Morforth,AUS,White Choc,2022-07-27,3472,32
Mallorie Waber,CAN,85% Dark Bars,2022-04-20,1428,424
Rafaelita Blaksland,IND,Spicy Special Slims,2022-01-04,8064,134
Ches Bonnell,AUS,Mint Chip Choco,2022-02-21,9660,92
Karlen McCaffrey,AUS,White Choc,2022-01-05,7357,48
Beverie Moffet,IND,Drinking Coco,2022-07-15,6055,46
Brien Boise,AUS,Choco Coated Almonds,2022-05-25,5124,62
Karlen McCaffrey,CAN,Eclairs,2022-04-20,3479,358
Gigi Bohling,USA,99% Dark & Pure,2022-06-02,784,249
Marney O'Breen,GBR,Smooth Sliky Salty,2022-05-13,18991,88
Beverie Moffet,NZL,Baker's Choco Chips,2022-08-03,1372,144
Beverie Moffet,AUS,Milk Bars,2022-05-25,735,390
Van Tuxwell,GBR,Raspberry Choco,2022-03-16,6538,79
Jan Morforth,AUS,Orange Choco,2022-07-04,3199,122
Jehu Rudeforth,IND,50% Dark Bites,2022-07-05,3472,135
Madelene Upcott,USA,After Nines,2022-03-15,4571,430
Barr Faughny,GBR,Raspberry Choco,2022-08-22,5481,69
Ches Bonnell,AUS,70% Dark Bites,2022-01-12,3136,125
Marney O'Breen,GBR,Baker's Choco Chips,2022-06-10,252,154
Kaine Padly,AUS,Peanut Butter Cubes,2022-03-25,5460,286
Rafaelita Blaksland,IND,Almond Choco,2022-07-27,3395,99
Husein Augar,GBR,Caramel Stuffed Bars,2022-04-15,14938,433
Roddy Speechley,IND,Orange Choco,2022-06-27,4053,19
Jehu Rudeforth,GBR,70% Dark Bites,2022-04-14,5565,258
Husein Augar,AUS,Manuka Honey Choco,2022-03-15,7161,92
Madelene Upcott,USA,Eclairs,2022-03-18,8883,200
Brien Boise,IND,Eclairs,2022-04-29,1351,61
Mallorie Waber,NZL,White Choc,2022-02-25,3171,246
Husein Augar,USA,Milk Bars,2022-03-02,854,56
Van Tuxwell,AUS,Milk Bars,2022-06-20,7910,87
Beverie Moffet,CAN,White Choc,2022-07-15,9275,173
Dotty Strutley,AUS,50% Dark Bites,2022-05-12,3108,252
Mallorie Waber,NZL,Organic Choco Syrup,2022-07-01,5075,256
Husein Augar,USA,85% Dark Bars,2022-08-08,378,54
Madelene Upcott,AUS,50% Dark Bites,2022-07-25,7350,6
Wilone O'Kielt,GBR,Drinking Coco,2022-05-18,3388,55
Camilla Castle,IND,Peanut Butter Cubes,2022-07-15,11837,277
Curtice Advani,IND,70% Dark Bites,2022-07-05,2282,44
Mallorie Waber,USA,Manuka Honey Choco,2022-07-04,5425,96
Dotty Strutley,GBR,70% Dark Bites,2022-06-20,1267,216
Gunar Cockshoot,AUS,Almond Choco,2022-01-25,3752,424
Kaine Padly,NZL,Spicy Special Slims,2022-07-01,7728,37
Gigi Bohling,USA,50% Dark Bites,2022-04-13,2296,59
Beverie Moffet,GBR,Smooth Sliky Salty,2022-05-04,4403,76
Beverie Moffet,AUS,Baker's Choco Chips,2022-08-04,3192,109
Beverie Moffet,IND,70% Dark Bites,2022-06-01,448,146
Jehu Rudeforth,GBR,Choco Coated Almonds,2022-04-22,4270,185
Kaine Padly,USA,50% Dark Bites,2022-08-03,70,27
Ches Bonnell,USA,Orange Choco,2022-06-10,1743,69
Gunar Cockshoot,GBR,Manuka Honey Choco,2022-06-27,6762,46
Marney O'Breen,AUS,Smooth Sliky Salty,2022-01-03,3745,170
Marney O'Breen,IND,After Nines,2022-07-11,2639,179
Ches Bonnell,NZL,Milk Bars,2022-08-17,4389,126
Rafaelita Blaksland,USA,Fruit & Nut Bars,2022-01-18,2604,65
Ches Bonnell,IND,Organic Choco Syrup,2022-03-08,16569,99
Mallorie Waber,AUS,Orange Choco,2022-03-07,14658,275
Husein Augar,IND,70% Dark Bites,2022-05-09,6454,157
Barr Faughny,NZL,85% Dark Bars,2022-05-23,2100,157
Madelene Upcott,GBR,Caramel Stuffed Bars,2022-04-15,161,145
Gigi Bohling,AUS,Drinking Coco,2022-07-27,2807,139
Marney O'Breen,CAN,Choco Coated Almonds,2022-08-22,2639,406
Ches Bonnell,USA,70% Dark Bites,2022-05-11,4571,122
Madelene Upcott,IND,Organic Choco Syrup,2022-01-26,4781,38
Barr Faughny,USA,50% Dark Bites,2022-04-14,13034,117
Dennison Crosswaite,NZL,Mint Chip Choco,2022-04-05,6454,417
Marney O'Breen,NZL,Smooth Sliky Salty,2022-06-14,8484,57
Brien Boise,CAN,Almond Choco,2022-04-13,4781,125
Beverie Moffet,AUS,White Choc,2022-06-27,2240,166
Dotty Strutley,AUS,Eclairs,2022-01-26,6979,3
Barr Faughny,GBR,White Choc,2022-07-05,1652,72
Beverie Moffet,CAN,Baker's Choco Chips,2022-01-11,13447,95
Kelci Walkden,USA,White Choc,2022-03-07,9422,22
Kaine Padly,CAN,50% Dark Bites,2022-03-04,8687,100
Karlen McCaffrey,CAN,Organic Choco Syrup,2022-07-15,2415,312
Kaine Padly,GBR,Peanut Butter Cubes,2022-05-11,6272,86
Karlen McCaffrey,USA,Milk Bars,2022-01-27,4389,7
Karlen McCaffrey,IND,Orange Choco,2022-06-27,3122,149
Ches Bonnell,IND,Smooth Sliky Salty,2022-08-03,8043,18
Wilone O'Kielt,NZL,Mint Chip Choco,2022-08-19,11662,242
Wilone O'Kielt,AUS,Fruit & Nut Bars,2022-06-15,392,102
Dennison Crosswaite,GBR,Peanut Butter Cubes,2022-02-07,8925,158
Karlen McCaffrey,AUS,Almond Choco,2022-07-08,7294,128
Dennison Crosswaite,IND,Milk Bars,2022-04-21,1526,96
Ches Bonnell,GBR,Mint Chip Choco,2022-04-08,2688,209
Husein Augar,AUS,50% Dark Bites,2022-08-19,14889,52
Jan Morforth,IND,Fruit & Nut Bars,2022-05-04,2912,55
Mallorie Waber,USA,85% Dark Bars,2022-05-11,2632,108
Mallorie Waber,USA,Eclairs,2022-03-22,6328,51
Dennison Crosswaite,CAN,Spicy Special Slims,2022-08-10,2527,216
Dennison Crosswaite,USA,Fruit & Nut Bars,2022-05-04,1414,318
Kelci Walkden,USA,99% Dark & Pure,2022-08-18,7714,238
Dotty Strutley,CAN,Raspberry Choco,2022-08-03,4347,238
Marney O'Breen,NZL,Milk Bars,2022-01-14,7490,315
Madelene Upcott,AUS,Choco Coated Almonds,2022-04-08,2058,72
Kelci Walkden,GBR,Orange Choco,2022-08-01,3640,3
Dennison Crosswaite,CAN,Eclairs,2022-03-15,455,45
Karlen McCaffrey,IND,Mint Chip Choco,2022-07-15,10990,184
Barr Faughny,NZL,Almond Choco,2022-01-13,5558,127
Mallorie Waber,AUS,85% Dark Bars,2022-08-26,2541,53
Ches Bonnell,CAN,Eclairs,2022-01-10,1876,172
Gigi Bohling,AUS,White Choc,2022-05-11,5523,87
Beverie Moffet,NZL,85% Dark Bars,2022-08-30,11200,22
Kaine Padly,USA,Caramel Stuffed Bars,2022-07-21,5593,122
Mallorie Waber,AUS,Almond Choco,2022-08-01,7882,125
Brien Boise,CAN,85% Dark Bars,2022-02-17,10241,259
Brien Boise,AUS,Drinking Coco,2022-07-27,6832,156
Dotty Strutley,USA,Orange Choco,2022-02-23,1379,107
Rafaelita Blaksland,AUS,50% Dark Bites,2022-03-22,3010,40
Dennison Crosswaite,IND,99% Dark & Pure,2022-06-23,6888,311
Curtice Advani,GBR,White Choc,2022-02-01,1540,73
Kelci Walkden,AUS,After Nines,2022-03-02,6916,288
Gigi Bohling,GBR,Fruit & Nut Bars,2022-04-06,1232,86
Gunar Cockshoot,AUS,Raspberry Choco,2022-03-17,602,72
Curtice Advani,GBR,Fruit & Nut Bars,2022-06-24,10927,136
Barr Faughny,CAN,50% Dark Bites,2022-07-19,10185,303
Curtice Advani,USA,Spicy Special Slims,2022-07-11,1603,264
Brien Boise,IND,Almond Choco,2022-01-13,2170,218
Oby Sorrel,NZL,Smooth Sliky Salty,2022-07-07,8673,60
Jan Morforth,IND,85% Dark Bars,2022-05-25,4760,418
Marney O'Breen,IND,Fruit & Nut Bars,2022-04-13,4753,151
Andria Kimpton,NZL,50% Dark Bites,2022-03-02,3374,202
Gunar Cockshoot,CAN,Raspberry Choco,2022-06-23,2058,126
Kelci Walkden,USA,Drinking Coco,2022-07-26,6454,160
Van Tuxwell,CAN,White Choc,2022-03-22,420,3
Rafaelita Blaksland,USA,Baker's Choco Chips,2022-06-09,2863,58
Van Tuxwell,AUS,Caramel Stuffed Bars,2022-05-17,5936,59
Ches Bonnell,NZL,Peanut Butter Cubes,2022-03-04,889,273
Kelci Walkden,CAN,Milk Bars,2022-07-07,16016,28
Dennison Crosswaite,CAN,Choco Coated Almonds,2022-01-13,10479,118
Curtice Advani,AUS,Almond Choco,2022-07-13,2912,75
Madelene Upcott,AUS,85% Dark Bars,2022-06-16,1575,329
Gigi Bohling,GBR,50% Dark Bites,2022-07-18,8197,69
Ches Bonnell,GBR,Manuka Honey Choco,2022-05-30,4221,395
Gigi Bohling,GBR,70% Dark Bites,2022-06-21,840,81
Jehu Rudeforth,AUS,Peanut Butter Cubes,2022-06-24,5691,38
Marney O'Breen,IND,Eclairs,2022-01-13,3472,96
Curtice Advani,CAN,Fruit & Nut Bars,2022-04-04,4193,195
Kaine Padly,GBR,Smooth Sliky Salty,2022-06-08,9016,554
Karlen McCaffrey,CAN,Spicy Special Slims,2022-08-02,6328,47
Kelci Walkden,USA,Organic Choco Syrup,2022-07-21,9870,152
Curtice Advani,IND,Spicy Special Slims,2022-06-20,161,134
Roddy Speechley,IND,After Nines,2022-06-22,2576,112
Camilla Castle,AUS,Caramel Stuffed Bars,2022-05-02,3178,16
Curtice Advani,AUS,99% Dark & Pure,2022-01-07,4676,84
Mallorie Waber,GBR,50% Dark Bites,2022-02-21,5502,99
Ches Bonnell,CAN,Baker's Choco Chips,2022-03-21,7462,371
Van Tuxwell,GBR,Drinking Coco,2022-04-04,5803,136
Gunar Cockshoot,CAN,Fruit & Nut Bars,2022-03-24,13888,203
Gunar Cockshoot,NZL,Spicy Special Slims,2022-06-28,6867,183
Gunar Cockshoot,AUS,Drinking Coco,2022-01-14,2317,195
Karlen McCaffrey,NZL,Fruit & Nut Bars,2022-02-07,1218,135
Dennison Crosswaite,NZL,Drinking Coco,2022-01-11,4109,197
Jehu Rudeforth,IND,99% Dark & Pure,2022-02-25,1953,242
Dotty Strutley,AUS,Mint Chip Choco,2022-08-01,6790,25
Roddy Speechley,AUS,Mint Chip Choco,2022-05-05,6797,252
Madelene Upcott,NZL,Raspberry Choco,2022-05-18,9226,415
Dotty Strutley,NZL,Choco Coated Almonds,2022-01-04,5733,348
Roddy Speechley,NZL,50% Dark Bites,2022-05-09,4312,211
Rafaelita Blaksland,IND,Smooth Sliky Salty,2022-05-06,1638,81
Husein Augar,GBR,White Choc,2022-01-13,10815,145
Roddy Speechley,AUS,Almond Choco,2022-06-24,4466,74
Van Tuxwell,USA,Caramel Stuffed Bars,2022-02-14,987,21
Camilla Castle,AUS,99% Dark & Pure,2022-01-18,4669,101
Kaine Padly,IND,Milk Bars,2022-05-02,2905,91
Ches Bonnell,AUS,Smooth Sliky Salty,2022-05-16,7490,54
Mallorie Waber,USA,Almond Choco,2022-01-28,6986,368
Kaine Padly,CAN,99% Dark & Pure,2022-06-24,1288,409
Oby Sorrel,GBR,After Nines,2022-07-18,2345,104
Gunar Cockshoot,GBR,Eclairs,2022-04-13,3619,164
Dotty Strutley,USA,Caramel Stuffed Bars,2022-04-15,16982,76
Jan Morforth,IND,Peanut Butter Cubes,2022-01-04,8092,178
Husein Augar,AUS,Eclairs,2022-07-04,6993,31
Beverie Moffet,USA,Smooth Sliky Salty,2022-03-24,2317,352
Camilla Castle,AUS,Manuka Honey Choco,2022-03-17,637,169
Oby Sorrel,AUS,Almond Choco,2022-02-15,6034,223
Jan Morforth,USA,Orange Choco,2022-06-29,980,146
Gigi Bohling,USA,Fruit & Nut Bars,2022-05-24,2821,112
Mallorie Waber,GBR,Milk Bars,2022-01-10,3563,284
Curtice Advani,USA,Raspberry Choco,2022-03-15,2996,139
Marney O'Breen,CAN,Milk Bars,2022-02-08,2436,309
Brien Boise,IND,Caramel Stuffed Bars,2022-02-25,1540,100
Gunar Cockshoot,USA,Eclairs,2022-05-03,6916,42
Roddy Speechley,USA,Fruit & Nut Bars,2022-06-14,5509,24
Gunar Cockshoot,IND,50% Dark Bites,2022-08-09,12992,83
Wilone O'Kielt,NZL,Manuka Honey Choco,2022-07-11,3724,234
Kaine Padly,GBR,Manuka Honey Choco,2022-01-14,7133,118
Van Tuxwell,CAN,Manuka Honey Choco,2022-02-24,8617,46
Wilone O'Kielt,NZL,Almond Choco,2022-03-15,9198,144
Oby Sorrel,NZL,Baker's Choco Chips,2022-04-25,11823,47
Dennison Crosswaite,AUS,Organic Choco Syrup,2022-05-10,5775,41
Marney O'Breen,AUS,Spicy Special Slims,2022-06-23,13125,275
Beverie Moffet,CAN,Smooth Sliky Salty,2022-02-28,14287,370
Brien Boise,USA,Organic Choco Syrup,2022-05-25,16233,138
Roddy Speechley,NZL,Baker's Choco Chips,2022-02-22,5313,215
Van Tuxwell,GBR,85% Dark Bars,2022-07-11,3577,134
Marney O'Breen,CAN,Spicy Special Slims,2022-01-03,3528,336
Rafaelita Blaksland,NZL,70% Dark Bites,2022-08-24,679,280
Beverie Moffet,USA,50% Dark Bites,2022-07-28,2450,352
Brien Boise,USA,Mint Chip Choco,2022-05-25,10577,150
Karlen McCaffrey,NZL,Eclairs,2022-05-06,2597,177
Barr Faughny,IND,Drinking Coco,2022-01-28,2219,142
Marney O'Breen,GBR,Orange Choco,2022-06-06,11319,12
Brien Boise,NZL,Baker's Choco Chips,2022-07-12,5978,24
Ches Bonnell,CAN,Spicy Special Slims,2022-08-05,5327,183
Brien Boise,USA,Orange Choco,2022-01-28,6020,147
Kaine Padly,IND,Spicy Special Slims,2022-08-31,5614,137
Mallorie Waber,USA,50% Dark Bites,2022-04-19,1736,13
Mallorie Waber,GBR,Mint Chip Choco,2022-06-29,6384,2
Beverie Moffet,IND,Choco Coated Almonds,2022-02-24,3577,261
Madelene Upcott,GBR,Smooth Sliky Salty,2022-03-04,14539,84
Gigi Bohling,IND,Eclairs,2022-06-21,3493,68
Rafaelita Blaksland,AUS,Organic Choco Syrup,2022-01-26,994,105
Oby Sorrel,NZL,White Choc,2022-06-10,4361,40
Andria Kimpton,GBR,Drinking Coco,2022-05-23,1554,65
Kelci Walkden,IND,Milk Bars,2022-04-15,966,107
Karlen McCaffrey,NZL,Caramel Stuffed Bars,2022-01-31,5334,227
Andria Kimpton,NZL,Organic Choco Syrup,2022-03-04,4935,39
Barr Faughny,NZL,After Nines,2022-04-19,10024,84
Beverie Moffet,GBR,Almond Choco,2022-05-16,2506,100
Oby Sorrel,AUS,Raspberry Choco,2022-02-17,1043,120
Dennison Crosswaite,USA,Raspberry Choco,2022-01-18,6524,257
Roddy Speechley,CAN,Orange Choco,2022-02-09,8148,85
Mallorie Waber,CAN,Orange Choco,2022-03-23,3577,178
Madelene Upcott,NZL,Caramel Stuffed Bars,2022-02-01,3374,151
Mallorie Waber,IND,Drinking Coco,2022-03-07,3948,142
Ches Bonnell,GBR,White Choc,2022-01-03,3269,226
Ches Bonnell,USA,White Choc,2022-02-11,5271,341
Dennison Crosswaite,NZL,Orange Choco,2022-03-16,4571,140
Dotty Strutley,IND,White Choc,2022-08-15,12327,330
Gigi Bohling,IND,Manuka Honey Choco,2022-05-12,4935,73
Van Tuxwell,IND,Spicy Special Slims,2022-04-11,6167,4
Jan Morforth,NZL,Mint Chip Choco,2022-06-30,18340,285
Dotty Strutley,NZL,White Choc,2022-06-15,7014,60
Rafaelita Blaksland,CAN,Caramel Stuffed Bars,2022-08-01,7119,101
Kaine Padly,USA,Milk Bars,2022-06-15,15491,58
Brien Boise,IND,After Nines,2022-06-16,5747,45
Oby Sorrel,NZL,Raspberry Choco,2022-05-13,4550,281
Dennison Crosswaite,USA,Drinking Coco,2022-05-10,2191,138
Oby Sorrel,IND,Eclairs,2022-08-25,5663,322
Ches Bonnell,NZL,Organic Choco Syrup,2022-07-15,7623,85
Gigi Bohling,GBR,Baker's Choco Chips,2022-05-16,9023,409
Jan Morforth,AUS,50% Dark Bites,2022-06-14,3402,182
Beverie Moffet,AUS,Smooth Sliky Salty,2022-01-25,10507,467
Ches Bonnell,USA,Organic Choco Syrup,2022-07-28,7721,14
Brien Boise,CAN,Mint Chip Choco,2022-01-28,5033,178
Kaine Padly,GBR,Orange Choco,2022-06-29,1960,191
Karlen McCaffrey,AUS,70% Dark Bites,2022-06-24,238,317
Gunar Cockshoot,CAN,Mint Chip Choco,2022-07-01,7756,410
Roddy Speechley,USA,Peanut Butter Cubes,2022-02-25,1736,137
Curtice Advani,CAN,Smooth Sliky Salty,2022-08-01,2660,12
Oby Sorrel,AUS,Milk Bars,2022-06-21,7672,254
Camilla Castle,NZL,Spicy Special Slims,2022-01-25,11564,24
Gigi Bohling,GBR,Milk Bars,2022-05-17,1365,232
Andria Kimpton,AUS,85% Dark Bars,2022-08-23,4186,233
Camilla Castle,AUS,Smooth Sliky Salty,2022-03-03,7406,118
Roddy Speechley,IND,Caramel Stuffed Bars,2022-05-30,8911,543
Karlen McCaffrey,USA,Drinking Coco,2022-06-29,112,223
Andria Kimpton,CAN,Organic Choco Syrup,2022-01-04,8204,204
Jehu Rudeforth,AUS,Drinking Coco,2022-01-14,2611,65
Karlen McCaffrey,USA,Mint Chip Choco,2022-02-15,15652,53
Curtice Advani,NZL,Spicy Special Slims,2022-01-10,4074,469
Madelene Upcott,USA,White Choc,2022-05-04,12250,213
Andria Kimpton,USA,Spicy Special Slims,2022-05-23,2366,5
Barr Faughny,NZL,Fruit & Nut Bars,2022-04-26,1687,147
Oby Sorrel,CAN,Organic Choco Syrup,2022-07-05,1232,74
Madelene Upcott,GBR,Organic Choco Syrup,2022-07-21,6965,163
Dotty Strutley,USA,Mint Chip Choco,2022-02-21,5292,248
Kelci Walkden,USA,Orange Choco,2022-02-03,1379,138
Gigi Bohling,AUS,Caramel Stuffed Bars,2022-07-08,8001,151
Mallorie Waber,IND,50% Dark Bites,2022-05-31,588,139
Van Tuxwell,NZL,Mint Chip Choco,2022-06-27,4046,103
Van Tuxwell,IND,50% Dark Bites,2022-05-13,5103,129
Van Tuxwell,USA,Manuka Honey Choco,2022-05-31,2317,102
Wilone O'Kielt,USA,Orange Choco,2022-02-28,7042,37
Barr Faughny,NZL,Eclairs,2022-03-28,6713,31
Gigi Bohling,USA,After Nines,2022-01-14,1848,227
Barr Faughny,NZL,Mint Chip Choco,2022-02-21,6440,145
Dennison Crosswaite,CAN,85% Dark Bars,2022-08-01,10885,90
Beverie Moffet,NZL,Smooth Sliky Salty,2022-05-19,2387,59
Husein Augar,USA,White Choc,2022-07-13,2030,60
Andria Kimpton,AUS,Peanut Butter Cubes,2022-04-20,6678,148
Dennison Crosswaite,IND,85% Dark Bars,2022-06-30,4515,22
Curtice Advani,GBR,50% Dark Bites,2022-03-08,3374,142
Gunar Cockshoot,USA,Fruit & Nut Bars,2022-03-09,5852,93
Oby Sorrel,CAN,Raspberry Choco,2022-06-16,1750,208
Gigi Bohling,GBR,Drinking Coco,2022-06-30,5782,42
Kelci Walkden,IND,Mint Chip Choco,2022-07-28,2870,120
Karlen McCaffrey,CAN,Peanut Butter Cubes,2022-08-12,3094,159
Barr Faughny,GBR,Mint Chip Choco,2022-07-07,3724,316
Barr Faughny,USA,85% Dark Bars,2022-08-25,12761,47
Husein Augar,CAN,Eclairs,2022-01-17,3696,233
Jan Morforth,AUS,70% Dark Bites,2022-03-04,5222,384
Marney O'Breen,NZL,Fruit & Nut Bars,2022-08-25,8939,4
Ches Bonnell,GBR,Peanut Butter Cubes,2022-04-15,2156,260
Kaine Padly,USA,Organic Choco Syrup,2022-03-11,2380,22
Camilla Castle,USA,Raspberry Choco,2022-05-20,3339,18
Brien Boise,NZL,Manuka Honey Choco,2022-06-14,14980,42
Jehu Rudeforth,NZL,After Nines,2022-04-14,1512,73
Jehu Rudeforth,USA,Smooth Sliky Salty,2022-07-07,6657,154
Madelene Upcott,IND,Mint Chip Choco,2022-08-24,3836,71
Jehu Rudeforth,IND,Eclairs,2022-02-24,8771,127
Karlen McCaffrey,CAN,Raspberry Choco,2022-05-09,651,224
Kaine Padly,AUS,70% Dark Bites,2022-02-08,6706,223
Roddy Speechley,GBR,70% Dark Bites,2022-03-24,1421,284
Rafaelita Blaksland,USA,Drinking Coco,2022-06-20,8526,73
Mallorie Waber,CAN,Manuka Honey Choco,2022-03-07,1435,112
Kaine Padly,AUS,Fruit & Nut Bars,2022-06-20,7434,85
Oby Sorrel,NZL,Organic Choco Syrup,2022-02-17,15316,270
Madelene Upcott,GBR,99% Dark & Pure,2022-01-26,10479,45
Madelene Upcott,AUS,Mint Chip Choco,2022-05-02,2751,153
Curtice Advani,CAN,99% Dark & Pure,2022-07-07,12586,7
Rafaelita Blaksland,AUS,Baker's Choco Chips,2022-08-22,2786,51
Karlen McCaffrey,AUS,After Nines,2022-08-11,2303,67
Marney O'Breen,GBR,99% Dark & Pure,2022-01-13,8113,194
Gunar Cockshoot,AUS,50% Dark Bites,2022-03-02,12271,116
Marney O'Breen,AUS,Choco Coated Almonds,2022-07-27,11298,41
Kelci Walkden,NZL,Drinking Coco,2022-03-10,15855,111
Beverie Moffet,USA,85% Dark Bars,2022-08-23,12404,334
Roddy Speechley,USA,Eclairs,2022-04-25,3990,155
Dennison Crosswaite,GBR,Milk Bars,2022-03-07,10808,407
Wilone O'Kielt,GBR,Organic Choco Syrup,2022-07-12,4858,52
Madelene Upcott,USA,Orange Choco,2022-05-16,7742,138
Gunar Cockshoot,IND,Smooth Sliky Salty,2022-03-02,3752,70
Marney O'Breen,NZL,85% Dark Bars,2022-05-30,1218,149
Marney O'Breen,GBR,Manuka Honey Choco,2022-06-10,10983,179
Brien Boise,USA,99% Dark & Pure,2022-07-25,6769,353
Beverie Moffet,NZL,Mint Chip Choco,2022-06-09,4361,97
Dennison Crosswaite,USA,Milk Bars,2022-05-12,777,60
Gunar Cockshoot,USA,Drinking Coco,2022-05-09,3843,5
Brien Boise,CAN,Manuka Honey Choco,2022-08-09,6930,182
Van Tuxwell,IND,Choco Coated Almonds,2022-04-13,5733,114
Andria Kimpton,USA,Caramel Stuffed Bars,2022-05-02,8393,46
Dotty Strutley,USA,99% Dark & Pure,2022-08-09,3822,320
Camilla Castle,AUS,Raspberry Choco,2022-08-23,6342,178
Gunar Cockshoot,IND,Spicy Special Slims,2022-05-13,6510,170
Karlen McCaffrey,USA,Manuka Honey Choco,2022-02-01,10171,67
Camilla Castle,USA,50% Dark Bites,2022-06-23,5908,301
Madelene Upcott,GBR,Choco Coated Almonds,2022-05-24,10164,134
Jan Morforth,CAN,Mint Chip Choco,2022-04-01,1064,211
Camilla Castle,CAN,70% Dark Bites,2022-07-27,9716,151
Ches Bonnell,IND,Peanut Butter Cubes,2022-01-27,22050,208
Jan Morforth,IND,Choco Coated Almonds,2022-08-12,2541,134
Gigi Bohling,CAN,Almond Choco,2022-02-01,9989,49
Rafaelita Blaksland,IND,After Nines,2022-03-02,4739,204
Kelci Walkden,AUS,99% Dark & Pure,2022-06-30,3185,34
Dotty Strutley,AUS,Spicy Special Slims,2022-01-17,8225,91
Brien Boise,USA,Milk Bars,2022-07-07,14301,130
Mallorie Waber,NZL,Mint Chip Choco,2022-01-31,1316,107
Beverie Moffet,GBR,99% Dark & Pure,2022-08-10,3486,121
Beverie Moffet,USA,Peanut Butter Cubes,2022-08-18,13930,339
Brien Boise,NZL,White Choc,2022-06-15,5509,321
Marney O'Breen,USA,Baker's Choco Chips,2022-01-26,8470,9
Kelci Walkden,USA,Spicy Special Slims,2022-04-29,77,69
Mallorie Waber,CAN,White Choc,2022-03-03,3381,72
Kaine Padly,AUS,Almond Choco,2022-02-22,4102,392
Oby Sorrel,USA,Smooth Sliky Salty,2022-03-04,3577,158
Dennison Crosswaite,IND,Smooth Sliky Salty,2022-07-07,2975,9
Camilla Castle,NZL,Caramel Stuffed Bars,2022-06-17,4137,347
Jan Morforth,CAN,Caramel Stuffed Bars,2022-08-02,9541,114
Oby Sorrel,USA,Baker's Choco Chips,2022-08-12,8001,120
Madelene Upcott,NZL,Peanut Butter Cubes,2022-01-28,5152,333
Kelci Walkden,AUS,Orange Choco,2022-04-29,11116,432
Marney O'Breen,AUS,Manuka Honey Choco,2022-04-05,13076,236
Kaine Padly,CAN,Manuka Honey Choco,2022-01-18,10213,135
Jehu Rudeforth,GBR,Baker's Choco Chips,2022-05-16,2485,97
Kelci Walkden,AUS,White Choc,2022-08-24,8715,168
Curtice Advani,IND,85% Dark Bars,2022-01-18,273,402
Kaine Padly,USA,Eclairs,2022-08-22,7623,10
Gunar Cockshoot,GBR,99% Dark & Pure,2022-03-07,7,84
Beverie Moffet,GBR,Choco Coated Almonds,2022-03-04,3010,69
Dotty Strutley,CAN,Manuka Honey Choco,2022-04-22,11550,111
Kaine Padly,AUS,Milk Bars,2022-06-09,4046,89
Jan Morforth,CAN,Fruit & Nut Bars,2022-07-25,8904,199
Jan Morforth,IND,Smooth Sliky Salty,2022-08-03,11298,89
Rafaelita Blaksland,AUS,Manuka Honey Choco,2022-08-03,4396,131
Jehu Rudeforth,GBR,Milk Bars,2022-05-03,12068,227
Husein Augar,CAN,After Nines,2022-01-19,9772,301
Roddy Speechley,USA,50% Dark Bites,2022-02-11,10458,316
Van Tuxwell,IND,Almond Choco,2022-06-14,6426,390
Kelci Walkden,USA,50% Dark Bites,2022-03-23,6188,223
Madelene Upcott,CAN,85% Dark Bars,2022-02-17,7504,101
Dennison Crosswaite,CAN,Smooth Sliky Salty,2022-03-17,1750,479
Mallorie Waber,AUS,Spicy Special Slims,2022-06-29,5439,287
Ches Bonnell,CAN,Choco Coated Almonds,2022-08-24,15547,269
Gigi Bohling,CAN,Spicy Special Slims,2022-07-04,11956,277
Roddy Speechley,NZL,Almond Choco,2022-03-28,2723,67
Curtice Advani,IND,Smooth Sliky Salty,2022-04-19,19327,135
Ches Bonnell,NZL,Mint Chip Choco,2022-01-18,9058,229
Van Tuxwell,NZL,Fruit & Nut Bars,2022-01-17,2996,88
Andria Kimpton,NZL,Mint Chip Choco,2022-02-15,8848,211
Andria Kimpton,GBR,Milk Bars,2022-02-11,14336,293
Camilla Castle,USA,Manuka Honey Choco,2022-03-21,16401,179
Gunar Cockshoot,NZL,Almond Choco,2022-01-05,5173,129
Brien Boise,IND,Raspberry Choco,2022-05-30,6328,164
Jehu Rudeforth,USA,99% Dark & Pure,2022-01-04,2534,219
Beverie Moffet,AUS,Fruit & Nut Bars,2022-04-22,1435,258
Gigi Bohling,CAN,Milk Bars,2022-02-10,3052,116
Dotty Strutley,IND,Spicy Special Slims,2022-08-12,910,204
Gunar Cockshoot,USA,Organic Choco Syrup,2022-08-10,2331,321
Kelci Walkden,AUS,Raspberry Choco,2022-06-07,679,56
Jehu Rudeforth,IND,Baker's Choco Chips,2022-06-06,2086,74
Karlen McCaffrey,NZL,Baker's Choco Chips,2022-04-05,5012,189
Wilone O'Kielt,USA,50% Dark Bites,2022-04-18,4501,131
Andria Kimpton,IND,50% Dark Bites,2022-01-31,13482,15
Madelene Upcott,USA,Baker's Choco Chips,2022-08-22,5621,140
Jehu Rudeforth,AUS,99% Dark & Pure,2022-02-25,10486,198
Jan Morforth,AUS,Mint Chip Choco,2022-02-22,17626,103
Oby Sorrel,NZL,Milk Bars,2022-01-12,4494,187
Brien Boise,GBR,Almond Choco,2022-05-25,105,125
Kelci Walkden,IND,Smooth Sliky Salty,2022-02-01,2464,8
Rafaelita Blaksland,GBR,Eclairs,2022-04-27,1379,70
Gigi Bohling,USA,Smooth Sliky Salty,2022-07-22,2583,126
Curtice Advani,NZL,Mint Chip Choco,2022-01-26,3220,265
Curtice Advani,USA,Mint Chip Choco,2022-08-24,4802,296
Madelene Upcott,NZL,Fruit & Nut Bars,2022-01-18,5677,21
Karlen McCaffrey,IND,85% Dark Bars,2022-03-30,945,83
Ches Bonnell,AUS,Caramel Stuffed Bars,2022-01-17,8757,162
Kelci Walkden,USA,Fruit & Nut Bars,2022-02-17,4816,145
Kelci Walkden,CAN,Peanut Butter Cubes,2022-04-08,7532,44
Gigi Bohling,CAN,Drinking Coco,2022-07-06,3549,82
Husein Augar,IND,Fruit & Nut Bars,2022-04-04,4340,226
Jan Morforth,NZL,Organic Choco Syrup,2022-03-02,1799,207
Gigi Bohling,NZL,Raspberry Choco,2022-08-09,1127,176
Dennison Crosswaite,AUS,Milk Bars,2022-06-09,10038,286
Ches Bonnell,GBR,Caramel Stuffed Bars,2022-06-02,2926,300
Van Tuxwell,USA,Fruit & Nut Bars,2022-07-05,6279,235
Andria Kimpton,CAN,Eclairs,2022-08-11,308,125
Madelene Upcott,IND,Choco Coated Almonds,2022-02-11,3500,145
Kelci Walkden,NZL,Spicy Special Slims,2022-08-11,658,65
Roddy Speechley,AUS,Drinking Coco,2022-05-12,12565,102
Wilone O'Kielt,USA,Milk Bars,2022-07-15,5012,93
Andria Kimpton,IND,Organic Choco Syrup,2022-01-18,3955,134
Madelene Upcott,GBR,Fruit & Nut Bars,2022-01-05,8512,189
Curtice Advani,AUS,50% Dark Bites,2022-06-29,504,232
Brien Boise,CAN,Raspberry Choco,2022-06-14,2800,45
Gunar Cockshoot,IND,Mint Chip Choco,2022-08-08,4256,67
Dennison Crosswaite,IND,Mint Chip Choco,2022-03-23,13573,138
Barr Faughny,IND,Caramel Stuffed Bars,2022-01-04,6566,99
Brien Boise,IND,Milk Bars,2022-02-22,13503,251
Beverie Moffet,GBR,Spicy Special Slims,2022-02-17,8680,252
Barr Faughny,USA,Almond Choco,2022-02-03,385,78
Van Tuxwell,CAN,Raspberry Choco,2022-03-17,1267,130
Wilone O'Kielt,AUS,Baker's Choco Chips,2022-01-25,2961,154
Brien Boise,AUS,Milk Bars,2022-07-27,1981,52
Husein Augar,AUS,Fruit & Nut Bars,2022-01-28,7959,53
Madelene Upcott,AUS,Organic Choco Syrup,2022-07-05,10794,50
Van Tuxwell,IND,White Choc,2022-03-15,1897,44
Gunar Cockshoot,CAN,After Nines,2022-08-04,2744,200
Jan Morforth,USA,Fruit & Nut Bars,2022-06-27,4382,361
Jan Morforth,CAN,After Nines,2022-07-13,4515,172
Barr Faughny,NZL,Manuka Honey Choco,2022-02-24,5474,239
Karlen McCaffrey,NZL,85% Dark Bars,2022-06-28,6069,55
Oby Sorrel,AUS,85% Dark Bars,2022-06-30,6944,27
Curtice Advani,CAN,Choco Coated Almonds,2022-08-18,5859,7
Kaine Padly,IND,70% Dark Bites,2022-01-24,12173,301
Beverie Moffet,USA,White Choc,2022-03-11,5292,134
Ches Bonnell,NZL,After Nines,2022-06-23,5705,350
Husein Augar,IND,Spicy Special Slims,2022-08-22,2492,33
Gunar Cockshoot,CAN,50% Dark Bites,2022-01-04,3024,23
Curtice Advani,IND,Milk Bars,2022-04-05,3437,201
Beverie Moffet,IND,Milk Bars,2022-04-15,1869,323
Husein Augar,AUS,White Choc,2022-05-11,3171,220
Andria Kimpton,CAN,Manuka Honey Choco,2022-07-21,4858,488
Jan Morforth,NZL,Orange Choco,2022-02-11,1225,84
Andria Kimpton,CAN,Smooth Sliky Salty,2022-07-08,1155,79
Gunar Cockshoot,GBR,Raspberry Choco,2022-08-11,6811,344
Husein Augar,NZL,After Nines,2022-08-04,6433,7
Andria Kimpton,NZL,Orange Choco,2022-06-14,8169,88
Dennison Crosswaite,GBR,Baker's Choco Chips,2022-01-17,2275,275
Jehu Rudeforth,CAN,Orange Choco,2022-06-23,3857,512
Jehu Rudeforth,GBR,Smooth Sliky Salty,2022-08-24,1463,113
Andria Kimpton,GBR,Caramel Stuffed Bars,2022-06-07,7924,275
Jan Morforth,GBR,White Choc,2022-06-22,8799,47
Dotty Strutley,USA,Fruit & Nut Bars,2022-07-13,2898,276
Kelci Walkden,GBR,Choco Coated Almonds,2022-05-24,9506,212
Gunar Cockshoot,NZL,After Nines,2022-08-09,7175,145
Kaine Padly,CAN,85% Dark Bars,2022-04-06,1729,31
Jan Morforth,NZL,Manuka Honey Choco,2022-07-28,1589,271
Gunar Cockshoot,NZL,Raspberry Choco,2022-08-24,630,52
Van Tuxwell,AUS,99% Dark & Pure,2022-01-17,112,128
Curtice Advani,USA,Drinking Coco,2022-02-07,5187,142
Brien Boise,AUS,Spicy Special Slims,2022-05-09,6223,256
Mallorie Waber,NZL,85% Dark Bars,2022-06-06,7714,106
Wilone O'Kielt,USA,Choco Coated Almonds,2022-06-06,9457,6
Beverie Moffet,NZL,Organic Choco Syrup,2022-05-24,6678,226
Gunar Cockshoot,GBR,50% Dark Bites,2022-01-13,2107,121
Marney O'Breen,USA,Raspberry Choco,2022-05-23,6069,151
Jehu Rudeforth,GBR,White Choc,2022-06-29,1862,284
Jehu Rudeforth,NZL,85% Dark Bars,2022-03-11,6972,89
Dotty Strutley,USA,85% Dark Bars,2022-04-25,10220,508
Rafaelita Blaksland,AUS,Smooth Sliky Salty,2022-05-30,3969,243
Curtice Advani,IND,Manuka Honey Choco,2022-05-23,1547,170
Mallorie Waber,USA,Peanut Butter Cubes,2022-05-23,1162,18
Van Tuxwell,CAN,Peanut Butter Cubes,2022-06-24,6342,282
Kelci Walkden,NZL,Smooth Sliky Salty,2022-03-11,10633,277
Rafaelita Blaksland,USA,Smooth Sliky Salty,2022-07-27,15057,212
Rafaelita Blaksland,USA,White Choc,2022-08-16,4704,126
Roddy Speechley,CAN,Smooth Sliky Salty,2022-03-07,9338,11
Curtice Advani,NZL,After Nines,2022-04-05,7959,30
Camilla Castle,IND,85% Dark Bars,2022-05-04,9023,51
Ches Bonnell,USA,Choco Coated Almonds,2022-01-04,14525,92
Marney O'Breen,AUS,Baker's Choco Chips,2022-01-13,5810,101
Wilone O'Kielt,NZL,Fruit & Nut Bars,2022-07-11,6426,98
Kaine Padly,AUS,Mint Chip Choco,2022-05-17,4403,159
Camilla Castle,NZL,Peanut Butter Cubes,2022-07-21,1582,62
Curtice Advani,CAN,Organic Choco Syrup,2022-02-22,791,22
Jan Morforth,IND,99% Dark & Pure,2022-05-23,9100,187
Rafaelita Blaksland,CAN,Drinking Coco,2022-07-12,9884,200
Jan Morforth,GBR,Orange Choco,2022-06-15,3780,201
Barr Faughny,NZL,50% Dark Bites,2022-06-23,4557,308
Curtice Advani,AUS,Eclairs,2022-03-25,5796,55
Jan Morforth,IND,Caramel Stuffed Bars,2022-07-04,84,153
Andria Kimpton,GBR,White Choc,2022-05-12,9037,101
Camilla Castle,NZL,Raspberry Choco,2022-04-04,4746,137
Madelene Upcott,AUS,Orange Choco,2022-04-15,6713,398
Roddy Speechley,CAN,Eclairs,2022-03-08,6237,88
Karlen McCaffrey,IND,White Choc,2022-01-17,7483,232
Wilone O'Kielt,IND,Mint Chip Choco,2022-08-22,1309,51
Andria Kimpton,GBR,99% Dark & Pure,2022-07-25,1155,66
Marney O'Breen,GBR,50% Dark Bites,2022-06-14,2989,124
Ches Bonnell,IND,Choco Coated Almonds,2022-04-05,9625,78
Madelene Upcott,GBR,Raspberry Choco,2022-08-26,7357,341
Wilone O'Kielt,AUS,50% Dark Bites,2022-08-03,10031,114
Gigi Bohling,CAN,White Choc,2022-07-11,6587,4
Wilone O'Kielt,NZL,Eclairs,2022-03-11,3311,22
Brien Boise,GBR,Peanut Butter Cubes,2022-01-10,15330,30
Roddy Speechley,GBR,Baker's Choco Chips,2022-04-04,14028,351
Karlen McCaffrey,AUS,50% Dark Bites,2022-01-17,6678,708
Marney O'Breen,NZL,Organic Choco Syrup,2022-07-08,8624,50
Jan Morforth,GBR,Organic Choco Syrup,2022-04-12,1197,356
Rafaelita Blaksland,CAN,Fruit & Nut Bars,2022-08-24,483,185
Ches Bonnell,GBR,Choco Coated Almonds,2022-06-07,1687,236
Gunar Cockshoot,CAN,Almond Choco,2022-07-28,1309,30
Husein Augar,USA,99% Dark & Pure,2022-02-21,9534,111
Dennison Crosswaite,CAN,Mint Chip Choco,2022-04-08,1694,289
Brien Boise,GBR,Manuka Honey Choco,2022-06-28,70,103
Van Tuxwell,GBR,Baker's Choco Chips,2022-03-24,2443,20
Barr Faughny,AUS,Caramel Stuffed Bars,2022-07-29,2933,55
Dennison Crosswaite,USA,Eclairs,2022-05-25,2044,90
Gigi Bohling,AUS,Raspberry Choco,2022-03-30,6524,303
Dennison Crosswaite,USA,Organic Choco Syrup,2022-07-18,12656,126
Beverie Moffet,CAN,Orange Choco,2022-05-10,8722,109
Mallorie Waber,AUS,Choco Coated Almonds,2022-03-18,15750,92
Ches Bonnell,IND,Caramel Stuffed Bars,2022-06-15,6839,56
Van Tuxwell,CAN,50% Dark Bites,2022-05-12,13685,58
Kelci Walkden,NZL,Baker's Choco Chips,2022-06-23,2912,110
Beverie Moffet,IND,Spicy Special Slims,2022-04-21,3339,171
Gigi Bohling,AUS,Almond Choco,2022-08-17,910,117
Rafaelita Blaksland,NZL,Eclairs,2022-02-07,19481,51
Kelci Walkden,CAN,Smooth Sliky Salty,2022-03-17,8099,118
Jan Morforth,IND,Baker's Choco Chips,2022-08-01,13727,79
Jehu Rudeforth,AUS,Milk Bars,2022-03-18,8659,29
Gigi Bohling,CAN,Fruit & Nut Bars,2022-06-14,5782,103
Beverie Moffet,GBR,Eclairs,2022-04-22,8463,155
Marney O'Breen,NZL,Eclairs,2022-01-18,4914,31
Husein Augar,AUS,99% Dark & Pure,2022-08-26,3087,128
Gunar Cockshoot,NZL,Fruit & Nut Bars,2022-06-10,9205,419
Curtice Advani,CAN,70% Dark Bites,2022-01-31,2303,7
Kelci Walkden,NZL,Manuka Honey Choco,2022-04-08,1358,106
Dotty Strutley,AUS,Baker's Choco Chips,2022-06-07,3605,68
Barr Faughny,AUS,85% Dark Bars,2022-02-10,8498,44
Beverie Moffet,AUS,50% Dark Bites,2022-05-16,700,457
Gunar Cockshoot,IND,Baker's Choco Chips,2022-03-18,2191,524
Van Tuxwell,AUS,50% Dark Bites,2022-07-13,644,137
Oby Sorrel,USA,Manuka Honey Choco,2022-07-25,4340,86
Van Tuxwell,CAN,Choco Coated Almonds,2022-08-19,2282,296
Karlen McCaffrey,CAN,70% Dark Bites,2022-06-24,7714,597
Kelci Walkden,CAN,Fruit & Nut Bars,2022-06-20,826,149
Camilla Castle,IND,99% Dark & Pure,2022-08-02,203,207
Madelene Upcott,NZL,70% Dark Bites,2022-02-22,13356,93
Mallorie Waber,NZL,Orange Choco,2022-02-01,6510,23
Jan Morforth,CAN,70% Dark Bites,2022-02-14,5894,305
Kelci Walkden,AUS,Milk Bars,2022-02-24,7910,125
Dennison Crosswaite,IND,Orange Choco,2022-03-18,784,129
Husein Augar,GBR,Eclairs,2022-08-30,1750,252
Gigi Bohling,USA,Peanut Butter Cubes,2022-05-09,280,75
Wilone O'Kielt,USA,Smooth Sliky Salty,2022-01-18,504,87
Curtice Advani,IND,White Choc,2022-07-04,7154,342
Oby Sorrel,NZL,Spicy Special Slims,2022-06-03,1617,13
Beverie Moffet,NZL,Peanut Butter Cubes,2022-02-23,10822,30
Dotty Strutley,NZL,99% Dark & Pure,2022-05-09,10724,203
Kelci Walkden,IND,70% Dark Bites,2022-06-06,3640,106
Kelci Walkden,IND,Drinking Coco,2022-07-04,7532,234
Brien Boise,NZL,Drinking Coco,2022-06-06,1582,100
Dotty Strutley,AUS,Almond Choco,2022-05-13,1456,91
Wilone O'Kielt,NZL,Organic Choco Syrup,2022-01-31,2016,277
Ches Bonnell,NZL,Caramel Stuffed Bars,2022-06-30,7588,42
Barr Faughny,CAN,Manuka Honey Choco,2022-08-25,3402,249
Gigi Bohling,NZL,Smooth Sliky Salty,2022-01-10,700,97
Brien Boise,USA,Manuka Honey Choco,2022-08-22,1904,8
Roddy Speechley,NZL,85% Dark Bars,2022-04-14,4844,275
Oby Sorrel,GBR,Smooth Sliky Salty,2022-05-31,9625,313
Oby Sorrel,GBR,Raspberry Choco,2022-04-08,4599,323
Roddy Speechley,USA,Drinking Coco,2022-02-21,3003,155
Andria Kimpton,AUS,Manuka Honey Choco,2022-03-30,9744,377
Mallorie Waber,IND,Raspberry Choco,2022-03-02,1400,2
Jehu Rudeforth,USA,Orange Choco,2022-07-28,364,170
Kaine Padly,NZL,70% Dark Bites,2022-03-24,7231,38
Curtice Advani,AUS,After Nines,2022-08-11,63,105
Husein Augar,GBR,Almond Choco,2022-05-17,8309,166
Kaine Padly,CAN,Choco Coated Almonds,2022-05-18,3164,164
Roddy Speechley,GBR,Peanut Butter Cubes,2022-08-17,5691,171
Ches Bonnell,NZL,Eclairs,2022-04-04,490,49
Brien Boise,IND,85% Dark Bars,2022-08-09,18032,205
Brien Boise,NZL,Organic Choco Syrup,2022-01-17,637,313
Andria Kimpton,CAN,White Choc,2022-02-14,4067,29
Gigi Bohling,NZL,Orange Choco,2022-05-16,8204,307
Ches Bonnell,CAN,Smooth Sliky Salty,2022-03-16,9870,121
Husein Augar,CAN,70% Dark Bites,2022-01-31,5131,285
Barr Faughny,CAN,Organic Choco Syrup,2022-03-10,1141,205
Oby Sorrel,GBR,Organic Choco Syrup,2022-06-30,7980,157
Van Tuxwell,NZL,Eclairs,2022-03-01,5229,182
Mallorie Waber,GBR,Drinking Coco,2022-05-27,3423,100
Oby Sorrel,GBR,Milk Bars,2022-07-11,6468,223
Karlen McCaffrey,NZL,Mint Chip Choco,2022-03-02,4326,61
Jehu Rudeforth,USA,Raspberry Choco,2022-03-04,7154,133
Kelci Walkden,GBR,85% Dark Bars,2022-06-23,3997,228
Kelci Walkden,USA,Almond Choco,2022-01-27,5180,233
Marney O'Breen,CAN,Orange Choco,2022-01-14,2723,425
Dennison Crosswaite,IND,Fruit & Nut Bars,2022-07-29,952,24
Brien Boise,CAN,Smooth Sliky Salty,2022-05-13,5691,495
Barr Faughny,CAN,Baker's Choco Chips,2022-02-03,10969,170
Brien Boise,IND,Smooth Sliky Salty,2022-05-27,5964,26
Jan Morforth,AUS,Drinking Coco,2022-02-18,2821,24
Brien Boise,IND,Spicy Special Slims,2022-01-28,1302,33
Van Tuxwell,GBR,Eclairs,2022-06-29,5474,109
Wilone O'Kielt,IND,Caramel Stuffed Bars,2022-01-13,4179,276
Jehu Rudeforth,GBR,After Nines,2022-06-27,1946,164
Barr Faughny,CAN,White Choc,2022-03-29,4291,1
Gunar Cockshoot,IND,Organic Choco Syrup,2022-06-03,7196,160
Mallorie Waber,CAN,Smooth Sliky Salty,2022-03-21,1939,98
Mallorie Waber,IND,Eclairs,2022-04-12,10437,46
Rafaelita Blaksland,AUS,Raspberry Choco,2022-01-19,6916,259
Karlen McCaffrey,GBR,50% Dark Bites,2022-04-06,3647,310
Kaine Padly,AUS,50% Dark Bites,2022-08-02,8995,78
Gigi Bohling,AUS,Eclairs,2022-04-12,7252,136
Oby Sorrel,IND,Drinking Coco,2022-07-21,16380,130
Van Tuxwell,NZL,Baker's Choco Chips,2022-03-22,9660,24
Husein Augar,IND,Peanut Butter Cubes,2022-05-09,4522,5
Andria Kimpton,AUS,Baker's Choco Chips,2022-08-09,329,109
Madelene Upcott,CAN,Choco Coated Almonds,2022-07-20,3458,294
Brien Boise,IND,70% Dark Bites,2022-04-14,4641,413
Jehu Rudeforth,CAN,White Choc,2022-01-25,4627,136
Andria Kimpton,AUS,Almond Choco,2022-04-25,3192,175
Dotty Strutley,CAN,After Nines,2022-01-17,252,237
Karlen McCaffrey,USA,Eclairs,2022-08-15,868,125
Karlen McCaffrey,CAN,Fruit & Nut Bars,2022-06-02,210,16
Gunar Cockshoot,USA,85% Dark Bars,2022-06-30,7007,135
Dotty Strutley,NZL,Raspberry Choco,2022-02-10,5845,91
Marney O'Breen,CAN,Caramel Stuffed Bars,2022-02-23,1372,614
Dennison Crosswaite,IND,Organic Choco Syrup,2022-01-27,8428,216
Camilla Castle,GBR,Mint Chip Choco,2022-05-26,4977,317
Brien Boise,USA,70% Dark Bites,2022-04-14,1694,21
Madelene Upcott,AUS,99% Dark & Pure,2022-08-01,4326,154
Mallorie Waber,AUS,Eclairs,2022-08-22,9527,222
Marney O'Breen,IND,99% Dark & Pure,2022-07-22,10766,157
Husein Augar,USA,Fruit & Nut Bars,2022-04-28,1288,27
Kelci Walkden,AUS,Almond Choco,2022-05-30,4879,350
Ches Bonnell,USA,Milk Bars,2022-07-21,2408,157
Jan Morforth,GBR,Caramel Stuffed Bars,2022-08-02,3094,468
Brien Boise,NZL,70% Dark Bites,2022-06-15,7231,130
Oby Sorrel,IND,85% Dark Bars,2022-07-05,8981,130
Kaine Padly,NZL,Smooth Sliky Salty,2022-04-12,7,518
Gigi Bohling,AUS,70% Dark Bites,2022-08-18,1372,105
Jan Morforth,GBR,50% Dark Bites,2022-01-12,5250,293
Gunar Cockshoot,CAN,White Choc,2022-08-11,7560,15
Jehu Rudeforth,AUS,Spicy Special Slims,2022-01-13,5012,384
Husein Augar,GBR,Baker's Choco Chips,2022-04-29,3038,135
Rafaelita Blaksland,NZL,After Nines,2022-07-07,1099,92
Madelene Upcott,NZL,Mint Chip Choco,2022-03-11,7413,4
Madelene Upcott,GBR,70% Dark Bites,2022-02-16,5397,239
Barr Faughny,AUS,Organic Choco Syrup,2022-01-07,2303,33
Beverie Moffet,NZL,Drinking Coco,2022-01-12,1141,518
Beverie Moffet,IND,Eclairs,2022-06-09,10325,147
Andria Kimpton,IND,Eclairs,2022-05-16,2149,84
Gigi Bohling,GBR,85% Dark Bars,2022-06-23,12362,94
Roddy Speechley,GBR,Raspberry Choco,2022-01-28,12635,194
Dotty Strutley,GBR,Mint Chip Choco,2022-07-14,2443,216
Barr Faughny,CAN,Drinking Coco,2022-04-18,6237,247
Oby Sorrel,USA,Milk Bars,2022-06-14,1736,79
Oby Sorrel,GBR,Orange Choco,2022-04-15,7315,237
Curtice Advani,CAN,Peanut Butter Cubes,2022-05-19,4935,63
Gigi Bohling,IND,White Choc,2022-04-13,1393,172
Husein Augar,CAN,Choco Coated Almonds,2022-08-15,3381,408
Wilone O'Kielt,IND,Choco Coated Almonds,2022-08-22,2933,233
Wilone O'Kielt,NZL,Baker's Choco Chips,2022-04-22,3836,59
Kaine Padly,GBR,Choco Coated Almonds,2022-08-03,8022,123
Dennison Crosswaite,NZL,Organic Choco Syrup,2022-01-04,371,229
Kelci Walkden,CAN,After Nines,2022-01-13,16702,198
Van Tuxwell,AUS,Baker's Choco Chips,2022-05-11,13258,32
Husein Augar,NZL,Peanut Butter Cubes,2022-02-16,2058,236
Kaine Padly,GBR,Caramel Stuffed Bars,2022-05-20,10192,67
Jehu Rudeforth,GBR,Drinking Coco,2022-02-03,7140,438
Beverie Moffet,IND,Manuka Honey Choco,2022-05-06,9835,167
Gunar Cockshoot,GBR,Choco Coated Almonds,2022-06-30,5775,135
Gunar Cockshoot,GBR,Smooth Sliky Salty,2022-03-22,749,148
Camilla Castle,CAN,Orange Choco,2022-02-17,7770,54
Jehu Rudeforth,GBR,85% Dark Bars,2022-07-07,5502,64
Oby Sorrel,GBR,70% Dark Bites,2022-03-16,6223,181
Kelci Walkden,GBR,99% Dark & Pure,2022-08-12,3507,114
Gigi Bohling,NZL,After Nines,2022-01-21,5600,181
Oby Sorrel,AUS,50% Dark Bites,2022-05-06,721,151
Oby Sorrel,CAN,50% Dark Bites,2022-06-24,6615,137
Barr Faughny,USA,White Choc,2022-05-05,7420,163
Rafaelita Blaksland,NZL,99% Dark & Pure,2022-03-25,3164,84
Curtice Advani,AUS,Caramel Stuffed Bars,2022-02-14,9114,140
Curtice Advani,NZL,85% Dark Bars,2022-05-12,5404,187
Barr Faughny,NZL,Smooth Sliky Salty,2022-01-25,3990,169
Ches Bonnell,GBR,85% Dark Bars,2022-06-28,14924,12
Dennison Crosswaite,AUS,Drinking Coco,2022-07-13,7091,194
Roddy Speechley,USA,Milk Bars,2022-05-16,2807,252
Jan Morforth,IND,After Nines,2022-03-14,6496,168
Gunar Cockshoot,USA,After Nines,2022-08-15,3738,261
Ches Bonnell,IND,Orange Choco,2022-02-16,1190,256
Mallorie Waber,GBR,Manuka Honey Choco,2022-06-15,8379,43
Barr Faughny,AUS,Raspberry Choco,2022-05-27,9268,100
Wilone O'Kielt,USA,Drinking Coco,2022-06-14,1029,98
Wilone O'Kielt,IND,Eclairs,2022-02-25,3549,76
Wilone O'Kielt,IND,After Nines,2022-08-04,12026,262
Kelci Walkden,IND,99% Dark & Pure,2022-06-28,2303,244
Gunar Cockshoot,CAN,Spicy Special Slims,2022-04-05,13405,12
Madelene Upcott,CAN,Peanut Butter Cubes,2022-07-05,14763,113
Kaine Padly,NZL,Eclairs,2022-01-20,12894,48
Ches Bonnell,NZL,Drinking Coco,2022-02-16,8302,131
Curtice Advani,GBR,Drinking Coco,2022-07-12,455,174
Kelci Walkden,IND,Raspberry Choco,2022-06-16,8183,254
Dotty Strutley,AUS,Choco Coated Almonds,2022-04-13,1645,284
Kaine Padly,GBR,50% Dark Bites,2022-02-21,3143,67
Roddy Speechley,CAN,Choco Coated Almonds,2022-05-11,5873,249
Ches Bonnell,IND,50% Dark Bites,2022-04-15,11298,313
Oby Sorrel,CAN,Peanut Butter Cubes,2022-06-07,12425,167
Oby Sorrel,GBR,White Choc,2022-06-27,1715,286
Barr Faughny,IND,After Nines,2022-07-29,8190,109
Wilone O'Kielt,CAN,Smooth Sliky Salty,2022-06-02,4991,166
Rafaelita Blaksland,IND,Mint Chip Choco,2022-01-26,15491,85
Rafaelita Blaksland,CAN,99% Dark & Pure,2022-03-02,5096,142
Van Tuxwell,AUS,70% Dark Bites,2022-01-10,7063,104
Beverie Moffet,USA,70% Dark Bites,2022-06-27,2275,115
Barr Faughny,CAN,Orange Choco,2022-06-30,7602,18
Roddy Speechley,AUS,85% Dark Bars,2022-07-08,4200,80
Oby Sorrel,IND,Spicy Special Slims,2022-06-08,11137,88
Jan Morforth,GBR,Manuka Honey Choco,2022-08-18,3388,212
Kaine Padly,AUS,After Nines,2022-04-08,6832,306
Wilone O'Kielt,CAN,Fruit & Nut Bars,2022-08-08,3437,181
Wilone O'Kielt,GBR,Milk Bars,2022-08-26,301,65
Oby Sorrel,CAN,Fruit & Nut Bars,2022-01-14,1869,158
Dennison Crosswaite,USA,Baker's Choco Chips,2022-08-11,17465,271
Madelene Upcott,USA,Almond Choco,2022-05-31,10143,24
Van Tuxwell,NZL,50% Dark Bites,2022-07-11,3626,10
Karlen McCaffrey,CAN,Caramel Stuffed Bars,2022-03-02,3346,304
Madelene Upcott,AUS,Raspberry Choco,2022-07-13,6321,88
Rafaelita Blaksland,GBR,Spicy Special Slims,2022-08-03,9345,133
Curtice Advani,GBR,Peanut Butter Cubes,2022-03-01,15008,165
Kelci Walkden,NZL,White Choc,2022-04-13,7609,150
Beverie Moffet,CAN,Fruit & Nut Bars,2022-02-14,10332,180
Mallorie Waber,IND,White Choc,2022-07-26,819,213
Brien Boise,GBR,Drinking Coco,2022-01-27,5754,133
Jehu Rudeforth,IND,Peanut Butter Cubes,2022-04-14,28,446
Oby Sorrel,USA,Almond Choco,2022-05-19,6440,141
Husein Augar,IND,Eclairs,2022-02-09,4956,58
Brien Boise,GBR,Spicy Special Slims,2022-05-25,2352,58
Oby Sorrel,AUS,Manuka Honey Choco,2022-01-26,3906,76
Beverie Moffet,IND,White Choc,2022-07-04,1813,296
Ches Bonnell,IND,Almond Choco,2022-04-13,11788,73
Gigi Bohling,AUS,Smooth Sliky Salty,2022-01-25,5768,119
Camilla Castle,USA,85% Dark Bars,2022-04-25,2401,78
Camilla Castle,USA,Eclairs,2022-06-10,4515,392
Madelene Upcott,NZL,White Choc,2022-08-22,10794,51
Van Tuxwell,IND,After Nines,2022-06-27,13706,207
Husein Augar,IND,Orange Choco,2022-06-30,4361,40
Jehu Rudeforth,IND,Almond Choco,2022-08-30,10122,100
Karlen McCaffrey,AUS,Raspberry Choco,2022-08-23,994,57
Camilla Castle,NZL,99% Dark & Pure,2022-08-26,2268,42
Gigi Bohling,AUS,Orange Choco,2022-03-09,574,156
Kelci Walkden,GBR,Drinking Coco,2022-04-20,1792,23
Mallorie Waber,CAN,Caramel Stuffed Bars,2022-06-10,4844,539
Husein Augar,AUS,Organic Choco Syrup,2022-02-08,938,158
Brien Boise,AUS,White Choc,2022-08-25,4879,22
Dotty Strutley,IND,Peanut Butter Cubes,2022-02-16,9107,73
Dennison Crosswaite,GBR,99% Dark & Pure,2022-05-30,12187,27
Gigi Bohling,NZL,50% Dark Bites,2022-06-29,5670,64
Gigi Bohling,USA,Milk Bars,2022-06-16,476,133
Brien Boise,GBR,Caramel Stuffed Bars,2022-03-04,2681,149
Curtice Advani,NZL,Peanut Butter Cubes,2022-03-15,1533,434
Curtice Advani,NZL,50% Dark Bites,2022-01-27,9765,85
Beverie Moffet,CAN,Drinking Coco,2022-07-05,994,118
Barr Faughny,USA,Caramel Stuffed Bars,2022-03-29,3318,299
Mallorie Waber,CAN,Almond Choco,2022-05-12,4214,35
Oby Sorrel,USA,Drinking Coco,2022-03-11,7714,44
Brien Boise,NZL,Eclairs,2022-07-11,4690,299
Gunar Cockshoot,NZL,Choco Coated Almonds,2022-08-01,13062,62
Gunar Cockshoot,GBR,Spicy Special Slims,2022-02-16,12488,200
Curtice Advani,USA,After Nines,2022-04-13,14147,235
Oby Sorrel,IND,Choco Coated Almonds,2022-02-14,49,363
Ches Bonnell,AUS,Peanut Butter Cubes,2022-03-14,10199,68
Oby Sorrel,AUS,Spicy Special Slims,2022-04-26,11389,26
Jehu Rudeforth,CAN,Manuka Honey Choco,2022-04-05,3584,200
Camilla Castle,CAN,Drinking Coco,2022-03-03,12481,264
Kaine Padly,USA,Spicy Special Slims,2022-06-13,2107,175
Marney O'Breen,NZL,70% Dark Bites,2022-02-14,8603,352
Roddy Speechley,NZL,99% Dark & Pure,2022-04-18,7483,183
Oby Sorrel,NZL,85% Dark Bars,2022-02-01,3381,417
Dotty Strutley,NZL,Orange Choco,2022-08-04,2030,146
Andria Kimpton,NZL,Almond Choco,2022-04-05,6559,158
Karlen McCaffrey,AUS,99% Dark & Pure,2022-01-26,10822,168
Kaine Padly,GBR,After Nines,2022-01-21,18697,176
Kaine Padly,CAN,After Nines,2022-08-22,5845,172
Kaine Padly,GBR,Drinking Coco,2022-01-27,2317,224
Rafaelita Blaksland,GBR,50% Dark Bites,2022-02-16,10150,68
Dotty Strutley,USA,Raspberry Choco,2022-01-03,3437,46
Karlen McCaffrey,USA,White Choc,2022-08-24,4592,2
Oby Sorrel,USA,Spicy Special Slims,2022-02-07,5691,417
Mallorie Waber,AUS,Smooth Sliky Salty,2022-02-11,4158,109
Kaine Padly,CAN,Organic Choco Syrup,2022-03-29,5684,81
Marney O'Breen,USA,Peanut Butter Cubes,2022-06-15,693,350
Dennison Crosswaite,GBR,Smooth Sliky Salty,2022-04-26,546,142
Brien Boise,AUS,Organic Choco Syrup,2022-07-15,4263,264
Beverie Moffet,IND,Organic Choco Syrup,2022-06-23,1036,20
Dennison Crosswaite,AUS,Baker's Choco Chips,2022-01-11,13846,421
Beverie Moffet,GBR,50% Dark Bites,2022-02-09,2499,271
Van Tuxwell,GBR,Almond Choco,2022-06-06,10689,204
Dotty Strutley,GBR,Caramel Stuffed Bars,2022-08-10,5768,235
Wilone O'Kielt,AUS,Smooth Sliky Salty,2022-01-04,2226,46
Andria Kimpton,CAN,70% Dark Bites,2022-04-08,10262,15
Barr Faughny,GBR,Milk Bars,2022-03-02,3864,430
Van Tuxwell,CAN,Drinking Coco,2022-06-15,4900,709
Jehu Rudeforth,AUS,After Nines,2022-02-14,5250,47
Husein Augar,GBR,After Nines,2022-07-05,3507,380
Barr Faughny,IND,Mint Chip Choco,2022-01-12,7413,465
Curtice Advani,IND,Mint Chip Choco,2022-03-03,8155,96
Jehu Rudeforth,NZL,Milk Bars,2022-05-18,2478,188
Gunar Cockshoot,IND,Caramel Stuffed Bars,2022-07-28,2471,202
Curtice Advani,GBR,Manuka Honey Choco,2022-02-07,1666,106
Andria Kimpton,IND,Orange Choco,2022-05-30,301,421
Mallorie Waber,AUS,Raspberry Choco,2022-04-25,8400,27
Beverie Moffet,CAN,85% Dark Bars,2022-02-16,6139,45
Kelci Walkden,AUS,Drinking Coco,2022-05-04,1288,60
Van Tuxwell,CAN,70% Dark Bites,2022-06-02,7077,77
Dennison Crosswaite,USA,Caramel Stuffed Bars,2022-07-11,2317,464
Beverie Moffet,NZL,Spicy Special Slims,2022-06-07,63,60
Jan Morforth,GBR,Almond Choco,2022-07-06,9744,157
Husein Augar,IND,Raspberry Choco,2022-06-15,9954,154
Dotty Strutley,IND,Mint Chip Choco,2022-04-14,1260,239
Camilla Castle,IND,Drinking Coco,2022-08-08,469,163
Marney O'Breen,GBR,Drinking Coco,2022-03-29,973,28
Roddy Speechley,AUS,Organic Choco Syrup,2022-07-04,3647,76
Ches Bonnell,IND,99% Dark & Pure,2022-02-16,455,96
Rafaelita Blaksland,CAN,Spicy Special Slims,2022-05-02,2520,156
Van Tuxwell,IND,Eclairs,2022-07-21,10500,106
Gunar Cockshoot,AUS,99% Dark & Pure,2022-08-18,7952,235
Kaine Padly,USA,85% Dark Bars,2022-06-22,483,259
Camilla Castle,GBR,Peanut Butter Cubes,2022-07-19,4872,126
Madelene Upcott,GBR,Peanut Butter Cubes,2022-08-12,7756,85
Madelene Upcott,USA,Choco Coated Almonds,2022-06-07,5446,132
Marney O'Breen,CAN,Peanut Butter Cubes,2022-03-08,6594,91
Ches Bonnell,AUS,Choco Coated Almonds,2022-04-08,1470,167
Curtice Advani,CAN,Eclairs,2022-05-06,721,203
Roddy Speechley,IND,Drinking Coco,2022-05-31,4494,11
Van Tuxwell,AUS,Mint Chip Choco,2022-01-13,2674,295
Dennison Crosswaite,USA,70% Dark Bites,2022-03-15,658,77
Andria Kimpton,CAN,Peanut Butter Cubes,2022-02-16,1127,319
Gigi Bohling,USA,70% Dark Bites,2022-01-14,7364,196
Rafaelita Blaksland,AUS,White Choc,2022-03-21,6818,102
Roddy Speechley,CAN,Drinking Coco,2022-05-17,6776,312
Camilla Castle,NZL,85% Dark Bars,2022-08-08,15099,55
Madelene Upcott,CAN,Milk Bars,2022-04-26,3612,82
Madelene Upcott,AUS,70% Dark Bites,2022-04-15,3710,260
Oby Sorrel,CAN,Eclairs,2022-05-19,6111,591
Dennison Crosswaite,CAN,Drinking Coco,2022-01-10,2702,24
Mallorie Waber,NZL,After Nines,2022-05-04,483,228
Roddy Speechley,CAN,White Choc,2022-04-05,5887,268
Andria Kimpton,IND,After Nines,2022-01-17,952,68
Roddy Speechley,IND,Spicy Special Slims,2022-03-22,10647,173
Dotty Strutley,AUS,White Choc,2022-07-05,6055,93
Oby Sorrel,CAN,Orange Choco,2022-04-27,8757,338
Kaine Padly,CAN,Almond Choco,2022-08-12,6055,73
Jan Morforth,GBR,Baker's Choco Chips,2022-03-11,721,251
Jehu Rudeforth,GBR,Fruit & Nut Bars,2022-05-13,8589,229
Dennison Crosswaite,USA,Smooth Sliky Salty,2022-05-12,11781,91
Brien Boise,USA,Raspberry Choco,2022-01-12,672,194
Madelene Upcott,NZL,Milk Bars,2022-03-29,12558,403
Roddy Speechley,IND,50% Dark Bites,2022-03-14,8337,12
Barr Faughny,NZL,99% Dark & Pure,2022-05-24,8134,195
Dennison Crosswaite,CAN,Organic Choco Syrup,2022-01-28,8491,75
Beverie Moffet,IND,Almond Choco,2022-05-24,3066,96
Brien Boise,AUS,Peanut Butter Cubes,2022-08-19,301,205
Karlen McCaffrey,AUS,Spicy Special Slims,2022-05-17,4410,323
Jehu Rudeforth,USA,White Choc,2022-06-07,6559,119
Ches Bonnell,CAN,Organic Choco Syrup,2022-07-26,574,217
Dotty Strutley,IND,Eclairs,2022-07-28,2086,384
Karlen McCaffrey,IND,70% Dark Bites,2022-05-23,5075,344
